dataset,row,file_name,split,image_found,gt_found,image_path,ground_truth_path,num_labels,note
TuSimple,1,985,,False,False,,,8,bare numeric id; no path/mapping saved -> UNRESOLVED (needs the id->clip mapping from the person who labeled it)
TuSimple,2,980,,False,False,,,6,bare numeric id; no path/mapping saved -> UNRESOLVED (needs the id->clip mapping from the person who labeled it)
TuSimple,3,9720,,False,False,,,8,bare numeric id; no path/mapping saved -> UNRESOLVED (needs the id->clip mapping from the person who labeled it)
TuSimple,4,9540,,False,False,,,6,bare numeric id; no path/mapping saved -> UNRESOLVED (needs the id->clip mapping from the person who labeled it)
TuSimple,5,945,,False,False,,,7,bare numeric id; no path/mapping saved -> UNRESOLVED (needs the id->clip mapping from the person who labeled it)
TuSimple,6,885,,False,False,,,7,bare numeric id; no path/mapping saved -> UNRESOLVED (needs the id->clip mapping from the person who labeled it)
TuSimple,7,7980,,False,False,,,7,bare numeric id; no path/mapping saved -> UNRESOLVED (needs the id->clip mapping from the person who labeled it)
TuSimple,8,6900,,False,False,,,6,bare numeric id; no path/mapping saved -> UNRESOLVED (needs the id->clip mapping from the person who labeled it)
TuSimple,9,6600,,False,False,,,6,bare numeric id; no path/mapping saved -> UNRESOLVED (needs the id->clip mapping from the person who labeled it)
TuSimple,10,64500,,False,False,,,8,bare numeric id; no path/mapping saved -> UNRESOLVED (needs the id->clip mapping from the person who labeled it)
TuSimple,11,63840,,False,False,,,8,bare numeric id; no path/mapping saved -> UNRESOLVED (needs the id->clip mapping from the person who labeled it)
TuSimple,12,620,,False,False,,,8,bare numeric id; no path/mapping saved -> UNRESOLVED (needs the id->clip mapping from the person who labeled it)
TuSimple,13,59940,,False,False,,,8,bare numeric id; no path/mapping saved -> UNRESOLVED (needs the id->clip mapping from the person who labeled it)
TuSimple,14,10020,,False,False,,,7,bare numeric id; no path/mapping saved -> UNRESOLVED (needs the id->clip mapping from the person who labeled it)
BDD100K,1,cabc30fc-e7726578.jpg,test,True,False,/shared/data/bdd100k/images/test/cabc30fc-e7726578.jpg,,8,test split has no ll_seg lane masks
BDD100K,2,cabc30fc-eb673c5a.jpg,test,True,False,/shared/data/bdd100k/images/test/cabc30fc-eb673c5a.jpg,,8,test split has no ll_seg lane masks
BDD100K,3,cabc9045-1b8282ba.jpg,test,True,False,/shared/data/bdd100k/images/test/cabc9045-1b8282ba.jpg,,10,test split has no ll_seg lane masks
BDD100K,4,cabc9045-581f64de.jpg,test,True,False,/shared/data/bdd100k/images/test/cabc9045-581f64de.jpg,,12,test split has no ll_seg lane masks
BDD100K,5,cabc9045-b3349548.jpg,test,True,False,/shared/data/bdd100k/images/test/cabc9045-b3349548.jpg,,11,test split has no ll_seg lane masks
BDD100K,6,cabddb96-ca0ac856.jpg,test,True,False,/shared/data/bdd100k/images/test/cabddb96-ca0ac856.jpg,,9,test split has no ll_seg lane masks
BDD100K,7,cabe1040-5f02711e.jpg,test,True,False,/shared/data/bdd100k/images/test/cabe1040-5f02711e.jpg,,8,test split has no ll_seg lane masks
BDD100K,8,cabe1040-c59cb390.jpg,test,True,False,/shared/data/bdd100k/images/test/cabe1040-c59cb390.jpg,,8,test split has no ll_seg lane masks
BDD100K,9,cabf7be1-36a39a28.jpg,test,True,False,/shared/data/bdd100k/images/test/cabf7be1-36a39a28.jpg,,10,test split has no ll_seg lane masks
BDD100K,10,cabf7be1-f1a7e00d.jpg,test,True,False,/shared/data/bdd100k/images/test/cabf7be1-f1a7e00d.jpg,,11,test split has no ll_seg lane masks
BDD100K,11,cabf9f3c-d58a6760.jpg,test,True,False,/shared/data/bdd100k/images/test/cabf9f3c-d58a6760.jpg,,7,test split has no ll_seg lane masks
BDD100K,12,cac07407-0396e053.jpg,test,True,False,/shared/data/bdd100k/images/test/cac07407-0396e053.jpg,,10,test split has no ll_seg lane masks
BDD100K,13,cac07407-0eb1c8bf.jpg,test,True,False,/shared/data/bdd100k/images/test/cac07407-0eb1c8bf.jpg,,9,test split has no ll_seg lane masks
BDD100K,14,cac07407-196cd6f8.jpg,test,True,False,/shared/data/bdd100k/images/test/cac07407-196cd6f8.jpg,,8,test split has no ll_seg lane masks
BDD100K,15,cac07407-bc0b048a.jpg,test,True,False,/shared/data/bdd100k/images/test/cac07407-bc0b048a.jpg,,7,test split has no ll_seg lane masks
BDD100K,16,cac07407-fe32e494.jpg,test,True,False,/shared/data/bdd100k/images/test/cac07407-fe32e494.jpg,,10,test split has no ll_seg lane masks
BDD100K,17,cac32276-2ea56b83.jpg,test,True,False,/shared/data/bdd100k/images/test/cac32276-2ea56b83.jpg,,8,test split has no ll_seg lane masks
BDD100K,18,cad180c4-d05b49f1.jpg,test,True,False,/shared/data/bdd100k/images/test/cad180c4-d05b49f1.jpg,,10,test split has no ll_seg lane masks
BDD100K,19,cade2aed-db2e9c98.jpg,test,True,False,/shared/data/bdd100k/images/test/cade2aed-db2e9c98.jpg,,11,test split has no ll_seg lane masks
BDD100K,20,cae49ab7-c87d52c4.jpg,test,True,False,/shared/data/bdd100k/images/test/cae49ab7-c87d52c4.jpg,,8,test split has no ll_seg lane masks
BDD100K,21,cae6c88d-0db9c3ab.jpg,test,True,False,/shared/data/bdd100k/images/test/cae6c88d-0db9c3ab.jpg,,10,test split has no ll_seg lane masks
BDD100K,22,cae73656-aeb2944f.jpg,test,True,False,/shared/data/bdd100k/images/test/cae73656-aeb2944f.jpg,,9,test split has no ll_seg lane masks
BDD100K,23,cae842b9-82d52302.jpg,test,True,False,/shared/data/bdd100k/images/test/cae842b9-82d52302.jpg,,8,test split has no ll_seg lane masks
BDD100K,24,caea91fd-e457bf7b.jpg,test,True,False,/shared/data/bdd100k/images/test/caea91fd-e457bf7b.jpg,,9,test split has no ll_seg lane masks
BDD100K,25,caeb0fbb-410c10ca.jpg,test,True,False,/shared/data/bdd100k/images/test/caeb0fbb-410c10ca.jpg,,9,test split has no ll_seg lane masks
BDD100K,26,caeb782d-4a20b7c4.jpg,test,True,False,/shared/data/bdd100k/images/test/caeb782d-4a20b7c4.jpg,,10,test split has no ll_seg lane masks
BDD100K,27,caee33ed-136d6b7c.jpg,test,True,False,/shared/data/bdd100k/images/test/caee33ed-136d6b7c.jpg,,9,test split has no ll_seg lane masks
BDD100K,28,caee33ed-bb44010a.jpg,test,True,False,/shared/data/bdd100k/images/test/caee33ed-bb44010a.jpg,,10,test split has no ll_seg lane masks
BDD100K,29,caf380ad-52f6a603.jpg,test,True,False,/shared/data/bdd100k/images/test/caf380ad-52f6a603.jpg,,9,test split has no ll_seg lane masks
BDD100K,30,caf73e65-16760e37.jpg,test,True,False,/shared/data/bdd100k/images/test/caf73e65-16760e37.jpg,,9,test split has no ll_seg lane masks
BDD100K,31,caf92153-8fdace82.jpg,test,True,False,/shared/data/bdd100k/images/test/caf92153-8fdace82.jpg,,8,test split has no ll_seg lane masks
BDD100K,32,caf92153-cfcdf92a.jpg,test,True,False,/shared/data/bdd100k/images/test/caf92153-cfcdf92a.jpg,,9,test split has no ll_seg lane masks
BDD100K,33,cafb3b52-f34e5454.jpg,test,True,False,/shared/data/bdd100k/images/test/cafb3b52-f34e5454.jpg,,10,test split has no ll_seg lane masks
BDD100K,34,cafb3e6f-22f2007e.jpg,test,True,False,/shared/data/bdd100k/images/test/cafb3e6f-22f2007e.jpg,,9,test split has no ll_seg lane masks
BDD100K,35,cafca327-47cae51f.jpg,test,True,False,/shared/data/bdd100k/images/test/cafca327-47cae51f.jpg,,8,test split has no ll_seg lane masks
BDD100K,36,caff5d9a-35754dcf.jpg,test,True,False,/shared/data/bdd100k/images/test/caff5d9a-35754dcf.jpg,,10,test split has no ll_seg lane masks
BDD100K,37,cb0287d1-207cdf5c.jpg,test,True,False,/shared/data/bdd100k/images/test/cb0287d1-207cdf5c.jpg,,8,test split has no ll_seg lane masks
BDD100K,38,cb0287d1-622df962.jpg,test,True,False,/shared/data/bdd100k/images/test/cb0287d1-622df962.jpg,,8,test split has no ll_seg lane masks
BDD100K,39,cb031b03-0f3ed476.jpg,test,True,False,/shared/data/bdd100k/images/test/cb031b03-0f3ed476.jpg,,10,test split has no ll_seg lane masks
BDD100K,40,cb031b03-cc89642d.jpg,test,True,False,/shared/data/bdd100k/images/test/cb031b03-cc89642d.jpg,,9,test split has no ll_seg lane masks
BDD100K,41,cb05eaa9-f2430836.jpg,test,True,False,/shared/data/bdd100k/images/test/cb05eaa9-f2430836.jpg,,8,test split has no ll_seg lane masks
BDD100K,42,cb063b6c-158d56f6.jpg,test,True,False,/shared/data/bdd100k/images/test/cb063b6c-158d56f6.jpg,,7,test split has no ll_seg lane masks
BDD100K,43,cb078020-ab5a89f2.jpg,test,True,False,/shared/data/bdd100k/images/test/cb078020-ab5a89f2.jpg,,11,test split has no ll_seg lane masks
BDD100K,44,cb0bdd89-5bdf8abc.jpg,test,True,False,/shared/data/bdd100k/images/test/cb0bdd89-5bdf8abc.jpg,,8,test split has no ll_seg lane masks
BDD100K,45,cb0e6066-8c6456bf.jpg,test,True,False,/shared/data/bdd100k/images/test/cb0e6066-8c6456bf.jpg,,10,test split has no ll_seg lane masks
BDD100K,46,cb1294f1-3faf01b9.jpg,test,True,False,/shared/data/bdd100k/images/test/cb1294f1-3faf01b9.jpg,,8,test split has no ll_seg lane masks
BDD100K,47,cb1294f1-fba3ff7d.jpg,test,True,False,/shared/data/bdd100k/images/test/cb1294f1-fba3ff7d.jpg,,9,test split has no ll_seg lane masks
BDD100K,48,cb13d27e-aed37c4c.jpg,test,True,False,/shared/data/bdd100k/images/test/cb13d27e-aed37c4c.jpg,,9,test split has no ll_seg lane masks
BDD100K,49,cb1f05ca-28b96d3e.jpg,test,True,False,/shared/data/bdd100k/images/test/cb1f05ca-28b96d3e.jpg,,7,test split has no ll_seg lane masks
BDD100K,50,cb22c820-f094952f.jpg,test,True,False,/shared/data/bdd100k/images/test/cb22c820-f094952f.jpg,,10,test split has no ll_seg lane masks
CurveLane,1,ffffcd23465e090e03c0095c5effe77a.jpg,train,True,True,/shared/data/Curvelanes/train/images/ffffcd23465e090e03c0095c5effe77a.jpg,/shared/data/Curvelanes/train/labels/ffffcd23465e090e03c0095c5effe77a.lines.json,9,
CurveLane,2,ffffcb254d20f46ac08c8cf46466f942.jpg,train,True,True,/shared/data/Curvelanes/train/images/ffffcb254d20f46ac08c8cf46466f942.jpg,/shared/data/Curvelanes/train/labels/ffffcb254d20f46ac08c8cf46466f942.lines.json,8,
CurveLane,3,fffe1d98bbd73bec32507b7ebeffa5a6.jpg,train,True,True,/shared/data/Curvelanes/train/images/fffe1d98bbd73bec32507b7ebeffa5a6.jpg,/shared/data/Curvelanes/train/labels/fffe1d98bbd73bec32507b7ebeffa5a6.lines.json,10,
CurveLane,4,fffd62919380b9e8891881b9328089ec.jpg,train,True,True,/shared/data/Curvelanes/train/images/fffd62919380b9e8891881b9328089ec.jpg,/shared/data/Curvelanes/train/labels/fffd62919380b9e8891881b9328089ec.lines.json,7,
CurveLane,5,fffc361b3993fabb46aa03be8a522195.jpg,train,True,True,/shared/data/Curvelanes/train/images/fffc361b3993fabb46aa03be8a522195.jpg,/shared/data/Curvelanes/train/labels/fffc361b3993fabb46aa03be8a522195.lines.json,9,
CurveLane,6,fffadbe4d8ec8d3b963d5015f2e81850.jpg,train,True,True,/shared/data/Curvelanes/train/images/fffadbe4d8ec8d3b963d5015f2e81850.jpg,/shared/data/Curvelanes/train/labels/fffadbe4d8ec8d3b963d5015f2e81850.lines.json,7,
CurveLane,7,fffacde59a871fa75df3310552778fac.jpg,train,True,True,/shared/data/Curvelanes/train/images/fffacde59a871fa75df3310552778fac.jpg,/shared/data/Curvelanes/train/labels/fffacde59a871fa75df3310552778fac.lines.json,9,
CurveLane,8,fff9b631d653bebbd7aff752c9b61f15.jpg,train,True,True,/shared/data/Curvelanes/train/images/fff9b631d653bebbd7aff752c9b61f15.jpg,/shared/data/Curvelanes/train/labels/fff9b631d653bebbd7aff752c9b61f15.lines.json,8,
CurveLane,9,fff82417afd42556e4d14986b48fa750.jpg,train,True,True,/shared/data/Curvelanes/train/images/fff82417afd42556e4d14986b48fa750.jpg,/shared/data/Curvelanes/train/labels/fff82417afd42556e4d14986b48fa750.lines.json,9,
CurveLane,10,0a0f523e99b425c78150682d97d01e23.jpg,train,True,True,/shared/data/Curvelanes/train/images/0a0f523e99b425c78150682d97d01e23.jpg,/shared/data/Curvelanes/train/labels/0a0f523e99b425c78150682d97d01e23.lines.json,9,
CurveLane,11,0a1a2037fe30831249fc6ec480f4f9a1.jpg,train,True,True,/shared/data/Curvelanes/train/images/0a1a2037fe30831249fc6ec480f4f9a1.jpg,/shared/data/Curvelanes/train/labels/0a1a2037fe30831249fc6ec480f4f9a1.lines.json,8,
CurveLane,12,0a1b13ac2a1291e71980a96c85b10432.jpg,train,True,True,/shared/data/Curvelanes/train/images/0a1b13ac2a1291e71980a96c85b10432.jpg,/shared/data/Curvelanes/train/labels/0a1b13ac2a1291e71980a96c85b10432.lines.json,9,
CurveLane,13,0a1b19a229d84fe4c5116a55e0d4c22c.jpg,train,True,True,/shared/data/Curvelanes/train/images/0a1b19a229d84fe4c5116a55e0d4c22c.jpg,/shared/data/Curvelanes/train/labels/0a1b19a229d84fe4c5116a55e0d4c22c.lines.json,11,
CurveLane,14,0a1b168d92a076d1734c6b63be328be4.jpg,train,True,True,/shared/data/Curvelanes/train/images/0a1b168d92a076d1734c6b63be328be4.jpg,/shared/data/Curvelanes/train/labels/0a1b168d92a076d1734c6b63be328be4.lines.json,9,
CurveLane,15,00a1b9881b7b6dfc9b2f42eb07a73ca2.jpg,train,True,True,/shared/data/Curvelanes/train/images/00a1b9881b7b6dfc9b2f42eb07a73ca2.jpg,/shared/data/Curvelanes/train/labels/00a1b9881b7b6dfc9b2f42eb07a73ca2.lines.json,7,
CurveLane,16,0a1c64a926aac5e7857e813c96ca4ea2.jpg,train,True,True,/shared/data/Curvelanes/train/images/0a1c64a926aac5e7857e813c96ca4ea2.jpg,/shared/data/Curvelanes/train/labels/0a1c64a926aac5e7857e813c96ca4ea2.lines.json,8,
CurveLane,17,0a01dea3e9bb21772a829de7f4eb6d57.jpg,train,True,True,/shared/data/Curvelanes/train/images/0a01dea3e9bb21772a829de7f4eb6d57.jpg,/shared/data/Curvelanes/train/labels/0a01dea3e9bb21772a829de7f4eb6d57.lines.json,7,
CurveLane,18,0a1e6d0e55fae3d9766b08ebdc798239.jpg,train,True,True,/shared/data/Curvelanes/train/images/0a1e6d0e55fae3d9766b08ebdc798239.jpg,/shared/data/Curvelanes/train/labels/0a1e6d0e55fae3d9766b08ebdc798239.lines.json,9,
CurveLane,19,0a1e8d165cf64dd589ec21e3cc70475a.jpg,train,True,True,/shared/data/Curvelanes/train/images/0a1e8d165cf64dd589ec21e3cc70475a.jpg,/shared/data/Curvelanes/train/labels/0a1e8d165cf64dd589ec21e3cc70475a.lines.json,6,
CurveLane,20,ffffcd23465e090e03c0095c5effe77a.jpg,train,True,True,/shared/data/Curvelanes/train/images/ffffcd23465e090e03c0095c5effe77a.jpg,/shared/data/Curvelanes/train/labels/ffffcd23465e090e03c0095c5effe77a.lines.json,9,
CurveLane,21,ffffcb254d20f46ac08c8cf46466f942.jpg,train,True,True,/shared/data/Curvelanes/train/images/ffffcb254d20f46ac08c8cf46466f942.jpg,/shared/data/Curvelanes/train/labels/ffffcb254d20f46ac08c8cf46466f942.lines.json,8,
CurveLane,22,fffe1d98bbd73bec32507b7ebeffa5a6.jpg,train,True,True,/shared/data/Curvelanes/train/images/fffe1d98bbd73bec32507b7ebeffa5a6.jpg,/shared/data/Curvelanes/train/labels/fffe1d98bbd73bec32507b7ebeffa5a6.lines.json,10,
CurveLane,23,fffd62919380b9e8891881b9328089ec.jpg,train,True,True,/shared/data/Curvelanes/train/images/fffd62919380b9e8891881b9328089ec.jpg,/shared/data/Curvelanes/train/labels/fffd62919380b9e8891881b9328089ec.lines.json,7,
CurveLane,24,fffc361b3993fabb46aa03be8a522195.jpg,train,True,True,/shared/data/Curvelanes/train/images/fffc361b3993fabb46aa03be8a522195.jpg,/shared/data/Curvelanes/train/labels/fffc361b3993fabb46aa03be8a522195.lines.json,9,
CurveLane,25,fffadbe4d8ec8d3b963d5015f2e81850.jpg,train,True,True,/shared/data/Curvelanes/train/images/fffadbe4d8ec8d3b963d5015f2e81850.jpg,/shared/data/Curvelanes/train/labels/fffadbe4d8ec8d3b963d5015f2e81850.lines.json,7,
CurveLane,26,fffacde59a871fa75df3310552778fac.jpg,train,True,True,/shared/data/Curvelanes/train/images/fffacde59a871fa75df3310552778fac.jpg,/shared/data/Curvelanes/train/labels/fffacde59a871fa75df3310552778fac.lines.json,9,
CurveLane,27,fff9b631d653bebbd7aff752c9b61f15.jpg,train,True,True,/shared/data/Curvelanes/train/images/fff9b631d653bebbd7aff752c9b61f15.jpg,/shared/data/Curvelanes/train/labels/fff9b631d653bebbd7aff752c9b61f15.lines.json,8,
CurveLane,28,fff82417afd42556e4d14986b48fa750.jpg,train,True,True,/shared/data/Curvelanes/train/images/fff82417afd42556e4d14986b48fa750.jpg,/shared/data/Curvelanes/train/labels/fff82417afd42556e4d14986b48fa750.lines.json,9,
CurveLane,29,fff7bef98881404b5f198f7658cad20a.jpg,train,True,True,/shared/data/Curvelanes/train/images/fff7bef98881404b5f198f7658cad20a.jpg,/shared/data/Curvelanes/train/labels/fff7bef98881404b5f198f7658cad20a.lines.json,10,
CurveLane,30,ffe5b0a8164e56c70f9ae51d8438a966.jpg,train,True,True,/shared/data/Curvelanes/train/images/ffe5b0a8164e56c70f9ae51d8438a966.jpg,/shared/data/Curvelanes/train/labels/ffe5b0a8164e56c70f9ae51d8438a966.lines.json,6,
CurveLane,31,ffe4b38d9046062fa1606c6e80b11f8a.jpg,train,True,True,/shared/data/Curvelanes/train/images/ffe4b38d9046062fa1606c6e80b11f8a.jpg,/shared/data/Curvelanes/train/labels/ffe4b38d9046062fa1606c6e80b11f8a.lines.json,9,
CurveLane,32,ffe41c37b68fe7305077557cf04098d8.jpg,train,True,True,/shared/data/Curvelanes/train/images/ffe41c37b68fe7305077557cf04098d8.jpg,/shared/data/Curvelanes/train/labels/ffe41c37b68fe7305077557cf04098d8.lines.json,9,
CurveLane,33,ffe3ba233571ee84c8995150eff19d3f.jpg,train,True,True,/shared/data/Curvelanes/train/images/ffe3ba233571ee84c8995150eff19d3f.jpg,/shared/data/Curvelanes/train/labels/ffe3ba233571ee84c8995150eff19d3f.lines.json,8,
CurveLane,34,ffe2e696392bfd04c3c43193a0481e8b.jpg,train,True,True,/shared/data/Curvelanes/train/images/ffe2e696392bfd04c3c43193a0481e8b.jpg,/shared/data/Curvelanes/train/labels/ffe2e696392bfd04c3c43193a0481e8b.lines.json,8,
CurveLane,35,ffe2951bdf4cf60fcbfc03401f8a1eb6.jpg,train,True,True,/shared/data/Curvelanes/train/images/ffe2951bdf4cf60fcbfc03401f8a1eb6.jpg,/shared/data/Curvelanes/train/labels/ffe2951bdf4cf60fcbfc03401f8a1eb6.lines.json,8,
CurveLane,36,ffe28390647ebe0ebd704148f1341b70.jpg,train,True,True,/shared/data/Curvelanes/train/images/ffe28390647ebe0ebd704148f1341b70.jpg,/shared/data/Curvelanes/train/labels/ffe28390647ebe0ebd704148f1341b70.lines.json,6,
CurveLane,37,ffe27da2e0e231e28b34604576018a5e.jpg,train,True,True,/shared/data/Curvelanes/train/images/ffe27da2e0e231e28b34604576018a5e.jpg,/shared/data/Curvelanes/train/labels/ffe27da2e0e231e28b34604576018a5e.lines.json,9,
CurveLane,38,ffdf89ae4bf3a8616160199abf9b7506.jpg,train,True,True,/shared/data/Curvelanes/train/images/ffdf89ae4bf3a8616160199abf9b7506.jpg,/shared/data/Curvelanes/train/labels/ffdf89ae4bf3a8616160199abf9b7506.lines.json,7,
CurveLane,39,ffdf59d5b8a53aac923f5a1498060a96.jpg,train,True,True,/shared/data/Curvelanes/train/images/ffdf59d5b8a53aac923f5a1498060a96.jpg,/shared/data/Curvelanes/train/labels/ffdf59d5b8a53aac923f5a1498060a96.lines.json,9,
CurveLane,40,21affc23d38daa72509cedb77f7d69db.jpg,train,True,True,/shared/data/Curvelanes/train/images/21affc23d38daa72509cedb77f7d69db.jpg,/shared/data/Curvelanes/train/labels/21affc23d38daa72509cedb77f7d69db.lines.json,8,
CurveLane,41,21af36d1424e5d52272df0113940d79e.jpg,train,True,True,/shared/data/Curvelanes/train/images/21af36d1424e5d52272df0113940d79e.jpg,/shared/data/Curvelanes/train/labels/21af36d1424e5d52272df0113940d79e.lines.json,8,
CurveLane,42,21ae5826fd583caa6fa02fbfc56a8060.jpg,train,True,True,/shared/data/Curvelanes/train/images/21ae5826fd583caa6fa02fbfc56a8060.jpg,/shared/data/Curvelanes/train/labels/21ae5826fd583caa6fa02fbfc56a8060.lines.json,9,
CurveLane,43,21aba7ec9482a96cba52df74df0237a2.jpg,train,True,True,/shared/data/Curvelanes/train/images/21aba7ec9482a96cba52df74df0237a2.jpg,/shared/data/Curvelanes/train/labels/21aba7ec9482a96cba52df74df0237a2.lines.json,8,
CurveLane,44,21ab257a4c435503d389e7ac00e89b2d.jpg,train,True,True,/shared/data/Curvelanes/train/images/21ab257a4c435503d389e7ac00e89b2d.jpg,/shared/data/Curvelanes/train/labels/21ab257a4c435503d389e7ac00e89b2d.lines.json,10,
CurveLane,45,21aa6ff21047ce5d9bc6b2e081638ad9.jpg,train,True,True,/shared/data/Curvelanes/train/images/21aa6ff21047ce5d9bc6b2e081638ad9.jpg,/shared/data/Curvelanes/train/labels/21aa6ff21047ce5d9bc6b2e081638ad9.lines.json,9,
CurveLane,46,21a54fd6b003456d2b7e106ac8752a83.jpg,train,True,True,/shared/data/Curvelanes/train/images/21a54fd6b003456d2b7e106ac8752a83.jpg,/shared/data/Curvelanes/train/labels/21a54fd6b003456d2b7e106ac8752a83.lines.json,6,
CurveLane,47,21a4f1455d82aa0a7ee9def44a888d9a.jpg,train,True,True,/shared/data/Curvelanes/train/images/21a4f1455d82aa0a7ee9def44a888d9a.jpg,/shared/data/Curvelanes/train/labels/21a4f1455d82aa0a7ee9def44a888d9a.lines.json,9,
CurveLane,48,21a49e960ef1138c58bda0f8ed59be3a.jpg,train,True,True,/shared/data/Curvelanes/train/images/21a49e960ef1138c58bda0f8ed59be3a.jpg,/shared/data/Curvelanes/train/labels/21a49e960ef1138c58bda0f8ed59be3a.lines.json,7,
CurveLane,49,21a3c4f064e026f10832061ab22eb7cd.jpg,train,True,True,/shared/data/Curvelanes/train/images/21a3c4f064e026f10832061ab22eb7cd.jpg,/shared/data/Curvelanes/train/labels/21a3c4f064e026f10832061ab22eb7cd.lines.json,9,
CuLane,1,05250343_0278.mp4,test,True,True,/shared/data/culane/driver_100_30frame/05250343_0278.MP4,/shared/data/culane/laneseg_label_w16_test/driver_100_30frame/05250343_0278.MP4,11,"sheet names a video segment, not a single frame"
CuLane,2,05250325_0272.mp4,test,True,True,/shared/data/culane/driver_100_30frame/05250325_0272.MP4,/shared/data/culane/laneseg_label_w16_test/driver_100_30frame/05250325_0272.MP4,10,"sheet names a video segment, not a single frame"
CuLane,3,05250358_0283.mp4,test,True,True,/shared/data/culane/driver_100_30frame/05250358_0283.MP4,/shared/data/culane/laneseg_label_w16_test/driver_100_30frame/05250358_0283.MP4,7,"sheet names a video segment, not a single frame"
CuLane,4,05250401_0284.mp4,test,True,True,/shared/data/culane/driver_100_30frame/05250401_0284.MP4,/shared/data/culane/laneseg_label_w16_test/driver_100_30frame/05250401_0284.MP4,10,"sheet names a video segment, not a single frame"
CuLane,5,05250416_0289.mp4,test,True,True,/shared/data/culane/driver_100_30frame/05250416_0289.MP4,/shared/data/culane/laneseg_label_w16_test/driver_100_30frame/05250416_0289.MP4,9,"sheet names a video segment, not a single frame"
CuLane,6,05250434_0295.mp4,test,True,True,/shared/data/culane/driver_100_30frame/05250434_0295.MP4,/shared/data/culane/laneseg_label_w16_test/driver_100_30frame/05250434_0295.MP4,10,"sheet names a video segment, not a single frame"
CuLane,7,05250452_0301.mp4,test,True,True,/shared/data/culane/driver_100_30frame/05250452_0301.MP4,/shared/data/culane/laneseg_label_w16_test/driver_100_30frame/05250452_0301.MP4,11,"sheet names a video segment, not a single frame"
CuLane,8,05250510_0307.mp4,test,True,True,/shared/data/culane/driver_100_30frame/05250510_0307.MP4,/shared/data/culane/laneseg_label_w16_test/driver_100_30frame/05250510_0307.MP4,8,"sheet names a video segment, not a single frame"
CuLane,9,05250541_0314.mp4,test,True,True,/shared/data/culane/driver_100_30frame/05250541_0314.MP4,/shared/data/culane/laneseg_label_w16_test/driver_100_30frame/05250541_0314.MP4,14,"sheet names a video segment, not a single frame"
CuLane,10,05250556_0319.mp4,test,True,True,/shared/data/culane/driver_100_30frame/05250556_0319.MP4,/shared/data/culane/laneseg_label_w16_test/driver_100_30frame/05250556_0319.MP4,10,"sheet names a video segment, not a single frame"
CuLane,11,05252005_0505.mp4,test,True,True,/shared/data/culane/driver_100_30frame/05252005_0505.MP4,/shared/data/culane/laneseg_label_w16_test/driver_100_30frame/05252005_0505.MP4,12,"sheet names a video segment, not a single frame"
CuLane,12,05251947_0499.mp4,test,True,True,/shared/data/culane/driver_100_30frame/05251947_0499.MP4,/shared/data/culane/laneseg_label_w16_test/driver_100_30frame/05251947_0499.MP4,9,"sheet names a video segment, not a single frame"
CuLane,13,05251739_0476.mp4,test,True,True,/shared/data/culane/driver_100_30frame/05251739_0476.MP4,/shared/data/culane/laneseg_label_w16_test/driver_100_30frame/05251739_0476.MP4,9,"sheet names a video segment, not a single frame"
CuLane,14,05251928_0493.mp4,test,True,True,/shared/data/culane/driver_100_30frame/05251928_0493.MP4,/shared/data/culane/laneseg_label_w16_test/driver_100_30frame/05251928_0493.MP4,10,"sheet names a video segment, not a single frame"
CuLane,15,05251910_0487.mp4,test,True,True,/shared/data/culane/driver_100_30frame/05251910_0487.MP4,/shared/data/culane/laneseg_label_w16_test/driver_100_30frame/05251910_0487.MP4,9,"sheet names a video segment, not a single frame"
CuLane,16,05252041_0517.mp4,test,True,True,/shared/data/culane/driver_100_30frame/05252041_0517.MP4,/shared/data/culane/laneseg_label_w16_test/driver_100_30frame/05252041_0517.MP4,8,"sheet names a video segment, not a single frame"
CuLane,17,05251931_0494.mp4,test,True,True,/shared/data/culane/driver_100_30frame/05251931_0494.MP4,/shared/data/culane/laneseg_label_w16_test/driver_100_30frame/05251931_0494.MP4,9,"sheet names a video segment, not a single frame"
CuLane,18,06042010_0511.mp4,test,True,True,/shared/data/culane/driver_193_90frame/06042010_0511.MP4,/shared/data/culane/laneseg_label_w16_test/driver_193_90frame/06042010_0511.MP4,8,"sheet names a video segment, not a single frame"
CuLane,19,05250559_0320.mp4,test,True,True,/shared/data/culane/driver_100_30frame/05250559_0320.MP4,/shared/data/culane/laneseg_label_w16_test/driver_100_30frame/05250559_0320.MP4,11,"sheet names a video segment, not a single frame"
CuLane,20,05252044_0518.mp4,test,True,True,/shared/data/culane/driver_100_30frame/05252044_0518.MP4,/shared/data/culane/laneseg_label_w16_test/driver_100_30frame/05252044_0518.MP4,9,"sheet names a video segment, not a single frame"
CuLane,21,05252210_0529.mp4,test,True,True,/shared/data/culane/driver_100_30frame/05252210_0529.MP4,/shared/data/culane/laneseg_label_w16_test/driver_100_30frame/05252210_0529.MP4,11,"sheet names a video segment, not a single frame"
CuLane,22,05252213_0530.mp4,test,True,True,/shared/data/culane/driver_100_30frame/05252213_0530.MP4,/shared/data/culane/laneseg_label_w16_test/driver_100_30frame/05252213_0530.MP4,9,"sheet names a video segment, not a single frame"
CuLane,23,05252231_0536.mp4,test,True,True,/shared/data/culane/driver_100_30frame/05252231_0536.MP4,/shared/data/culane/laneseg_label_w16_test/driver_100_30frame/05252231_0536.MP4,10,"sheet names a video segment, not a single frame"
CuLane,24,05252246_0541.mp4,test,True,True,/shared/data/culane/driver_100_30frame/05252246_0541.MP4,/shared/data/culane/laneseg_label_w16_test/driver_100_30frame/05252246_0541.MP4,10,"sheet names a video segment, not a single frame"
CuLane,25,05252322_0559.mp4,,False,False,,,9,segment directory not found under any driver_*
CuLane,26,05252246_0542.mp4,,False,False,,,11,segment directory not found under any driver_*
CuLane,27,05252304_0547.mp4,test,True,True,/shared/data/culane/driver_100_30frame/05252304_0547.MP4,/shared/data/culane/laneseg_label_w16_test/driver_100_30frame/05252304_0547.MP4,9,"sheet names a video segment, not a single frame"
CuLane,28,05252322_0553.mp4,test,True,True,/shared/data/culane/driver_100_30frame/05252322_0553.MP4,/shared/data/culane/laneseg_label_w16_test/driver_100_30frame/05252322_0553.MP4,7,"sheet names a video segment, not a single frame"
CuLane,29,05252307_0548.mp4,test,True,True,/shared/data/culane/driver_100_30frame/05252307_0548.MP4,/shared/data/culane/laneseg_label_w16_test/driver_100_30frame/05252307_0548.MP4,10,"sheet names a video segment, not a single frame"
CuLane,30,05252358_0565.mp4,test,True,True,/shared/data/culane/driver_100_30frame/05252358_0565.MP4,/shared/data/culane/laneseg_label_w16_test/driver_100_30frame/05252358_0565.MP4,10,"sheet names a video segment, not a single frame"
CuLane,31,05260016_0571.mp4,test,True,True,/shared/data/culane/driver_100_30frame/05260016_0571.MP4,/shared/data/culane/laneseg_label_w16_test/driver_100_30frame/05260016_0571.MP4,9,"sheet names a video segment, not a single frame"
CuLane,32,06042013_0512.mp4,test,True,True,/shared/data/culane/driver_193_90frame/06042013_0512.MP4,/shared/data/culane/laneseg_label_w16_test/driver_193_90frame/06042013_0512.MP4,8,"sheet names a video segment, not a single frame"
CuLane,33,05260049_0577.mp4,test,True,True,/shared/data/culane/driver_100_30frame/05260049_0577.MP4,/shared/data/culane/laneseg_label_w16_test/driver_100_30frame/05260049_0577.MP4,10,"sheet names a video segment, not a single frame"
CuLane,34,06030819_0755.mp4,train/val,True,True,/shared/data/culane/driver_161_90frame/06030819_0755.MP4,/shared/data/culane/laneseg_label_w16/driver_161_90frame/06030819_0755.MP4,8,"sheet names a video segment, not a single frame"
CuLane,35,05181432_0203.mp4,test,True,True,/shared/data/culane/driver_37_30frame/05181432_0203.MP4,/shared/data/culane/laneseg_label_w16_test/driver_37_30frame/05181432_0203.MP4,7,"sheet names a video segment, not a single frame"
CuLane,36,05260052_0578.mp4,test,True,True,/shared/data/culane/driver_100_30frame/05260052_0578.MP4,/shared/data/culane/laneseg_label_w16_test/driver_100_30frame/05260052_0578.MP4,9,"sheet names a video segment, not a single frame"
CuLane,37,05181608_0235.mp4,test,True,True,/shared/data/culane/driver_37_30frame/05181608_0235.MP4,/shared/data/culane/laneseg_label_w16_test/driver_37_30frame/05181608_0235.MP4,10,"sheet names a video segment, not a single frame"
CuLane,38,05181520_0219.mp4,test,True,True,/shared/data/culane/driver_37_30frame/05181520_0219.MP4,/shared/data/culane/laneseg_label_w16_test/driver_37_30frame/05181520_0219.MP4,8,"sheet names a video segment, not a single frame"
CuLane,39,05181743_0267.mp4,test,True,True,/shared/data/culane/driver_37_30frame/05181743_0267.MP4,/shared/data/culane/laneseg_label_w16_test/driver_37_30frame/05181743_0267.MP4,7,"sheet names a video segment, not a single frame"
CuLane,40,05181656_0251.mp4,test,True,True,/shared/data/culane/driver_37_30frame/05181656_0251.MP4,/shared/data/culane/laneseg_label_w16_test/driver_37_30frame/05181656_0251.MP4,9,"sheet names a video segment, not a single frame"
CuLane,41,05312327_0001.mp4,train/val,True,True,/shared/data/culane/driver_182_30frame/05312327_0001.MP4,/shared/data/culane/laneseg_label_w16/driver_182_30frame/05312327_0001.MP4,8,"sheet names a video segment, not a single frame"
CuLane,42,05182007_0315.mp4,test,True,True,/shared/data/culane/driver_37_30frame/05182007_0315.MP4,/shared/data/culane/laneseg_label_w16_test/driver_37_30frame/05182007_0315.MP4,10,"sheet names a video segment, not a single frame"
CuLane,43,05181919_0299.mp4,test,True,True,/shared/data/culane/driver_37_30frame/05181919_0299.MP4,/shared/data/culane/laneseg_label_w16_test/driver_37_30frame/05181919_0299.MP4,10,"sheet names a video segment, not a single frame"
CuLane,44,05181831_0283.mp4,test,True,True,/shared/data/culane/driver_37_30frame/05181831_0283.MP4,/shared/data/culane/laneseg_label_w16_test/driver_37_30frame/05181831_0283.MP4,8,"sheet names a video segment, not a single frame"
CuLane,45,05190613_0331.mp4,test,True,True,/shared/data/culane/driver_37_30frame/05190613_0331.MP4,/shared/data/culane/laneseg_label_w16_test/driver_37_30frame/05190613_0331.MP4,6,"sheet names a video segment, not a single frame"
CuLane,46,05190703_0347.mp4,test,True,True,/shared/data/culane/driver_37_30frame/05190703_0347.MP4,/shared/data/culane/laneseg_label_w16_test/driver_37_30frame/05190703_0347.MP4,9,"sheet names a video segment, not a single frame"
CuLane,47,05190839_0379.mp4,test,True,True,/shared/data/culane/driver_37_30frame/05190839_0379.MP4,/shared/data/culane/laneseg_label_w16_test/driver_37_30frame/05190839_0379.MP4,10,"sheet names a video segment, not a single frame"
CuLane,48,05190751_0363.mp4,test,True,True,/shared/data/culane/driver_37_30frame/05190751_0363.MP4,/shared/data/culane/laneseg_label_w16_test/driver_37_30frame/05190751_0363.MP4,11,"sheet names a video segment, not a single frame"
